Date,Price,Open,High,Low,Vol.,Change %
09/20/2021,"43,810.80","47,233.10","47,321.30","43,281.60",0.11K,-7.25%
09/19/2021,"47,233.10","48,293.70","48,352.20","46,800.00",0.06K,-2.20%
09/18/2021,"48,293.70","47,274.40","48,775.00","47,064.50",0.06K,2.16%
09/17/2021,"47,274.40","47,753.80","48,139.20","46,793.80",0.07K,-1.00%
09/16/2021,"47,753.80","48,124.60","48,467.10","47,029.30",0.07K,-0.77%
09/15/2021,"48,124.60","47,077.90","48,411.80","46,729.50",0.06K,2.22%
09/14/2021,"47,077.90","44,932.60","47,210.40","44,678.60",0.07K,4.77%
09/13/2021,"44,932.60","46,040.90","46,829.80","43,413.10",0.14K,-2.43%
09-12-2021,"46,053.60","45,153.20","46,400.00","44,742.00",0.05K,1.99%
09-11-2021,"45,153.20","44,850.70","45,962.00","44,736.70",0.04K,0.67%
09-10-2021,"44,850.70","46,359.80","47,035.40","44,201.00",0.08K,-3.26%
09-09-2021,"46,359.80","46,059.30","47,397.20","45,526.90",0.07K,0.65%
09-08-2021,"46,059.30","46,846.50","47,316.60","44,459.50",0.14K,-1.67%
09-07-2021,"46,839.30","52,656.20","52,881.60","43,002.90",0.34K,-11.05%
09-06-2021,"52,656.20","51,764.70","52,741.50","50,990.80",0.08K,1.72%
09-05-2021,"51,764.70","49,909.60","51,879.90","49,485.00",0.06K,3.72%
09-04-2021,"49,909.60","49,997.00","50,520.70","49,401.80",0.06K,-0.17%
09-03-2021,"49,997.00","49,253.30","50,985.00","48,338.90",0.12K,1.51%
09-02-2021,"49,253.30","48,835.50","50,366.80","48,597.10",0.10K,0.86%
09-01-2021,"48,835.50","47,124.10","49,126.30","46,533.40",0.11K,3.63%
08/31/2021,"47,124.10","46,966.90","48,180.80","46,709.20",0.10K,0.33%
08/30/2021,"46,966.90","48,771.60","48,883.50","46,875.00",0.08K,-3.70%
08/29/2021,"48,771.60","48,882.00","49,589.50","47,802.60",0.07K,-0.23%
08/28/2021,"48,882.00","49,039.50","49,263.20","48,375.00",0.04K,-0.32%
08/27/2021,"49,039.50","46,857.40","49,116.40","46,375.20",0.06K,4.66%
08/26/2021,"46,857.40","48,979.10","49,330.00","46,297.20",0.07K,-4.33%
08/25/2021,"48,979.10","47,688.20","49,221.10","47,149.60",0.07K,2.71%
08/24/2021,"47,688.20","49,518.10","49,838.00","47,630.00",0.09K,-3.73%
08/23/2021,"49,534.50","49,280.80","50,460.40","49,055.40",0.08K,0.51%
08/22/2021,"49,280.80","48,830.60","49,466.10","48,056.60",0.05K,0.92%
08/21/2021,"48,830.60","49,307.90","49,745.00","48,267.80",0.09K,-0.97%
08/20/2021,"49,307.90","46,742.30","49,345.00","46,655.30",0.12K,5.49%
08/19/2021,"46,742.30","44,706.20","46,986.10","43,953.10",0.08K,4.55%
08/18/2021,"44,706.20","44,684.00","45,983.20","44,235.80",0.09K,0.05%
08/17/2021,"44,684.00","45,919.20","47,119.40","44,430.20",0.18K,-2.69%
08/16/2021,"45,917.30","46,972.50","48,000.00","45,675.00",0.10K,-2.25%
08/15/2021,"46,972.50","47,064.00","47,325.80","45,505.10",0.08K,-0.19%
08/14/2021,"47,064.00","47,821.60","48,058.90","46,038.80",0.09K,-1.54%
08/13/2021,"47,799.00","44,400.40","47,859.70","44,250.00",0.10K,7.65%
08-12-2021,"44,400.40","45,544.40","46,209.30","43,801.60",0.12K,-2.53%
08-11-2021,"45,555.00","45,581.60","46,722.00","45,360.70",0.09K,-0.06%
08-10-2021,"45,581.60","46,286.60","46,674.70","44,632.10",0.13K,-1.52%
08-09-2021,"46,286.60","43,820.40","46,439.40","42,829.30",0.12K,5.63%
08-08-2021,"43,820.40","44,574.30","45,279.40","43,278.80",0.10K,-1.69%
08-07-2021,"44,574.30","42,800.60","44,685.40","42,465.80",0.10K,4.14%
08-06-2021,"42,800.60","40,853.10","43,320.60","39,890.20",0.12K,4.77%
08-05-2021,"40,853.10","39,743.20","41,349.60","37,350.00",0.10K,2.79%
08-04-2021,"39,745.00","38,189.20","39,957.00","37,525.00",0.06K,4.07%
08-03-2021,"38,189.20","39,143.80","39,753.30","37,675.00",0.07K,-2.44%
08-02-2021,"39,143.80","39,857.00","40,431.00","38,702.10",0.09K,-1.79%
08-01-2021,"39,857.00","41,380.10","42,550.00","39,451.00",0.08K,-3.68%
07/31/2021,"41,380.10","42,191.80","42,386.20","41,052.10",0.08K,-1.92%
07/30/2021,"42,191.80","40,012.00","42,287.30","38,325.90",0.13K,5.45%
07/29/2021,"40,012.00","40,019.90","40,600.00","39,287.70",0.10K,-0.02%
07/28/2021,"40,019.90","39,489.80","40,830.70","38,800.00",0.18K,1.34%
07/27/2021,"39,489.80","37,264.20","39,489.80","36,402.00",0.15K,5.97%
07/26/2021,"37,264.20","35,374.20","40,559.50","35,209.80",0.28K,5.34%
07/25/2021,"35,374.20","34,718.30","35,375.20","33,871.70",0.06K,4.65%
07/24/2021,"33,802.00","33,589.10","33,999.80","33,400.30",0.06K,0.83%
07/23/2021,"33,523.30","32,292.80","33,582.60","31,999.60",0.07K,3.81%
07/22/2021,"32,292.80","32,131.00","32,575.10","31,725.00",0.06K,0.54%
07/21/2021,"32,119.50","29,789.70","32,749.40","29,469.60",0.11K,7.82%
07/20/2021,"29,789.70","30,825.20","31,036.20","29,238.50",0.06K,-3.36%
07/19/2021,"30,825.20","31,760.80","31,873.10","30,407.30",0.06K,-2.95%
07/18/2021,"31,760.80","31,523.00","32,381.80","31,133.40",0.04K,0.75%
07/17/2021,"31,523.00","31,402.80","31,921.70","31,194.00",0.03K,0.38%
07/16/2021,"31,402.80","31,835.30","32,198.00","31,008.10",0.05K,-1.36%
07/15/2021,"31,835.30","32,827.60","33,155.20","31,152.40",0.06K,-3.02%
07/14/2021,"32,827.60","32,739.40","33,089.00","31,600.00",0.05K,0.27%
07/13/2021,"32,739.40","33,105.50","33,320.80","32,224.40",0.04K,-1.24%
07-12-2021,"33,150.00","34,222.40","34,638.50","32,671.70",0.06K,-3.13%
07-11-2021,"34,222.40","33,521.70","34,569.30","33,325.00",0.03K,2.09%
07-10-2021,"33,521.70","33,807.90","34,225.90","33,050.00",0.04K,-0.85%
07-09-2021,"33,807.90","32,997.60","34,083.60","32,623.00",0.06K,3.57%
07-08-2021,"32,643.40","33,796.30","33,929.50","32,118.60",0.06K,-3.41%
07-07-2021,"33,796.30","34,239.40","35,045.60","33,796.30",0.06K,-1.02%
07-06-2021,"34,144.70","33,720.40","34,800.00","33,720.40",0.06K,1.25%
07-05-2021,"33,722.70","35,313.00","35,313.00","33,609.10",0.07K,-4.50%
07-04-2021,"35,313.00","35,523.60","35,787.50","35,313.00",0.06K,1.67%
07-03-2021,"34,732.80","33,806.90","34,732.80","33,556.80",0.05K,2.74%
07-02-2021,"33,806.90","33,512.90","33,806.90","32,851.40",0.06K,0.88%
07-01-2021,"33,512.90","35,028.10","35,028.10","33,180.80",0.08K,-4.33%
06/30/2021,"35,028.10","35,928.90","35,928.90","34,294.80",0.06K,-2.51%
06/29/2021,"35,928.90","34,502.80","36,417.00","34,498.80",0.08K,4.25%
06/28/2021,"34,463.90","34,653.20","34,712.50","34,115.20",0.07K,-0.55%
06/27/2021,"34,653.20","32,225.70","34,653.20","32,225.70",0.07K,7.53%
06/26/2021,"32,225.70","31,565.30","32,225.70","30,992.40",0.10K,2.09%
06/25/2021,"31,565.30","34,667.20","34,667.20","31,565.30",0.09K,-8.95%
06/24/2021,"34,667.20","33,666.60","34,772.50","32,512.60",0.06K,2.97%
06/23/2021,"33,666.60","32,454.30","34,464.20","32,454.30",0.09K,3.74%
06/22/2021,"32,454.30","31,623.90","32,814.40","29,850.00",0.14K,2.63%
06/21/2021,"31,623.90","35,615.10","35,615.10","31,623.90",0.14K,-11.21%
06/20/2021,"35,615.10","35,523.70","35,730.60","33,368.70",0.08K,0.26%
06/19/2021,"35,523.70","35,792.50","36,220.50","35,424.50",0.05K,-0.75%
06/18/2021,"35,792.50","38,049.40","38,049.40","35,175.00",0.08K,-5.93%
06/17/2021,"38,049.40","38,327.30","39,358.80","37,683.70",0.05K,-0.73%
06/16/2021,"38,327.30","40,149.00","40,178.40","38,327.30",0.11K,-4.54%
06/15/2021,"40,149.00","40,501.50","40,501.50","39,797.20",0.33K,-0.87%
06/14/2021,"40,501.50","39,019.00","40,730.30","38,914.10",0.27K,3.80%
06/13/2021,"39,019.00","35,523.20","39,106.40","35,011.90",0.09K,9.84%
06-12-2021,"35,523.20","37,311.80","37,311.80","35,409.80",0.05K,-4.79%
06-11-2021,"37,311.80","36,609.70","37,311.80","36,176.50",0.07K,1.92%
06-10-2021,"36,609.70","37,353.10","38,198.00","36,221.50",0.25K,-1.99%
06-09-2021,"37,353.10","33,355.30","37,353.10","32,609.00",0.17K,11.99%
06-08-2021,"33,355.30","33,575.20","33,638.20","32,159.30",0.11K,-0.66%
06-07-2021,"33,575.50","35,802.80","36,637.90","33,575.50",0.30K,-6.22%
06-06-2021,"35,802.80","35,529.40","36,226.10","35,529.40",0.15K,0.77%
06-05-2021,"35,529.40","36,844.70","37,784.80","34,954.30",0.23K,-3.57%
06-04-2021,"36,844.70","39,225.90","39,225.90","36,623.80",0.62K,-6.07%
06-03-2021,"39,225.90","37,569.60","39,225.90","37,551.10",0.63K,4.41%
06-02-2021,"37,569.60","36,682.90","37,967.70","36,241.50",0.50K,2.42%
06-01-2021,"36,682.90","37,278.40","37,296.20","35,822.70",0.15K,-1.60%
05/31/2021,"37,278.40","35,644.30","37,278.40","34,221.70",0.09K,4.58%
05/30/2021,"35,644.30","34,575.90","36,213.60","34,474.10",0.06K,3.09%
05/29/2021,"34,575.90","35,673.80","36,908.90","34,038.70",0.09K,-3.08%
05/28/2021,"35,673.80","38,473.70","38,473.70","35,387.50",0.14K,-7.28%
05/27/2021,"38,473.70","39,173.10","39,986.60","37,250.00",0.11K,-1.79%
05/26/2021,"39,173.10","38,373.70","40,370.20","38,000.50",0.13K,2.08%
05/25/2021,"38,373.70","38,765.70","39,200.00","37,317.00",0.12K,-1.01%
05/24/2021,"38,765.70","34,671.90","38,765.70","34,671.90",0.15K,11.81%
05/23/2021,"34,671.90","37,498.80","37,979.60","32,552.90",0.26K,-7.54%
05/22/2021,"37,498.80","37,245.70","38,247.40","36,199.40",0.11K,0.70%
05/21/2021,"37,239.00","40,497.70","41,268.00","36,380.90",0.25K,-8.05%
05/20/2021,"40,497.70","36,699.00","41,612.70","35,537.30",0.15K,10.48%
05/19/2021,"36,655.30","42,865.80","42,865.80","36,655.30",0.47K,-14.49%
05/18/2021,"42,865.80","43,532.20","45,437.60","42,865.80",0.09K,-1.53%
05/17/2021,"43,532.20","46,409.80","46,409.80","42,953.10",0.13K,-6.20%
05/16/2021,"46,409.80","46,691.80","49,327.20","45,146.40",0.08K,-0.60%
05/15/2021,"46,691.80","49,844.50","49,844.50","46,691.80",0.06K,-6.33%
05/14/2021,"49,844.50","49,635.40","51,368.50","49,462.90",0.05K,0.42%
05/13/2021,"49,635.40","49,809.60","51,139.30","48,200.00",0.11K,-0.35%
05-12-2021,"49,809.60","56,691.90","57,814.70","49,809.60",0.10K,-12.14%
05-11-2021,"56,691.90","55,791.70","56,691.90","54,999.20",0.05K,1.61%
05-10-2021,"55,791.70","58,231.60","58,959.70","55,452.80",0.07K,-4.19%
05-09-2021,"58,231.60","58,834.30","59,043.60","57,341.10",0.06K,-1.02%
05-08-2021,"58,834.30","57,355.70","59,024.80","57,355.70",0.08K,2.58%
05-07-2021,"57,355.70","56,378.60","58,177.00","55,595.30",0.06K,1.73%
05-06-2021,"56,378.60","57,427.10","57,600.00","55,400.00",0.08K,-1.83%
05-05-2021,"57,427.10","53,036.30","57,427.10","53,036.30",0.07K,7.70%
05-04-2021,"53,319.40","57,148.00","57,148.00","53,319.40",0.08K,-6.70%
05-03-2021,"57,148.00","56,607.30","58,448.50","56,607.30",0.09K,0.96%
05-02-2021,"56,607.30","57,795.10","57,795.10","56,315.60",0.05K,-2.06%
05-01-2021,"57,795.10","57,724.10","58,153.20","57,262.90",0.05K,0.12%
04/30/2021,"57,724.10","53,541.40","57,724.10","53,478.80",0.07K,7.81%
04/29/2021,"53,541.40","54,752.20","54,862.60","52,924.00",0.06K,-2.21%
04/28/2021,"54,752.20","55,009.70","55,590.80","54,351.40",0.07K,-0.47%
04/27/2021,"55,009.70","53,993.90","55,171.50","53,433.50",0.08K,1.88%
04/26/2021,"53,993.90","48,980.70","54,192.20","48,980.70",0.10K,10.24%
04/25/2021,"48,980.70","50,094.40","50,248.10","48,615.20",0.06K,-2.22%
04/24/2021,"50,094.40","51,086.10","51,086.10","49,424.80",0.06K,-1.94%
04/23/2021,"51,086.10","51,713.80","51,713.80","47,900.30",0.13K,-1.21%
04/22/2021,"51,713.80","53,767.80","55,011.50","51,695.20",0.12K,-3.82%
04/21/2021,"53,767.80","56,372.20","56,372.20","53,767.80",0.07K,-4.62%
04/20/2021,"56,371.40","55,609.40","56,891.20","53,962.70",0.08K,1.37%
04/19/2021,"55,609.40","56,182.40","57,094.90","55,491.10",0.08K,-1.02%
04/18/2021,"56,182.40","60,005.60","60,005.60","54,557.50",0.11K,-6.44%
04/17/2021,"60,049.20","61,359.40","62,315.90","60,049.20",0.07K,-2.14%
04/16/2021,"61,359.40","63,197.70","63,356.80","60,328.20",0.07K,-2.91%
04/15/2021,"63,197.70","62,964.40","63,472.60","62,500.00",0.05K,0.37%
04/14/2021,"62,964.40","63,517.70","64,477.90","62,142.60",0.08K,-0.87%
04/13/2021,"63,517.70","59,871.90","63,517.70","59,871.90",0.09K,6.09%
04-12-2021,"59,871.90","59,953.80","60,723.00","59,842.30",0.07K,-0.14%
04-11-2021,"59,953.80","59,769.80","60,199.60","59,611.00",0.05K,0.31%
04-10-2021,"59,769.80","58,135.50","60,916.40","58,135.50",0.10K,2.81%
04-09-2021,"58,135.50","58,050.00","58,545.70","57,963.60",0.05K,0.15%
04-08-2021,"58,050.00","55,911.60","58,050.00","55,911.60",0.04K,3.82%
04-07-2021,"55,911.60","57,979.60","57,979.60","55,813.00",0.08K,-3.57%
04-06-2021,"57,979.60","59,100.00","59,149.70","57,778.30",0.07K,-1.88%
04-05-2021,"59,089.70","58,182.00","59,089.70","56,998.60",0.08K,1.56%
04-04-2021,"58,182.00","57,031.90","58,232.40","57,031.90",0.04K,2.02%
04-03-2021,"57,031.90","58,960.80","59,650.00","57,031.90",0.06K,-3.27%
04-02-2021,"58,960.80","58,750.00","59,683.10","58,731.90",0.08K,0.36%
04-01-2021,"58,750.00","58,772.40","59,224.50","58,644.80",0.06K,-0.04%
03/31/2021,"58,772.40","58,798.20","59,499.00","57,886.80",0.08K,-0.04%
03/30/2021,"58,798.20","57,655.40","59,120.60","57,260.80",0.07K,1.98%
03/29/2021,"57,655.40","55,768.20","58,131.10","55,173.10",0.09K,3.38%
03/28/2021,"55,768.20","55,813.70","56,257.90","55,000.00",0.04K,-0.08%
03/27/2021,"55,813.70","55,043.90","56,366.40","54,023.80",0.04K,1.48%
03/26/2021,"54,997.10","51,344.30","54,997.10","51,344.30",0.06K,7.11%
03/25/2021,"51,344.30","52,317.70","52,950.90","50,665.90",0.11K,-1.88%
03/24/2021,"52,328.10","54,362.30","56,845.30","52,328.10",0.12K,-3.74%
03/23/2021,"54,362.30","54,119.70","55,697.90","53,623.30",0.06K,0.44%
03/22/2021,"54,125.50","57,394.80","58,070.00","54,125.50",0.07K,-5.70%
03/21/2021,"57,399.90","58,104.40","58,460.10","55,919.90",0.06K,-1.21%
03/20/2021,"58,104.40","58,087.30","59,264.90","58,087.30",0.05K,0.03%
03/19/2021,"58,087.30","57,655.40","59,123.10","56,982.30",0.06K,0.75%
03/18/2021,"57,655.40","58,800.00","59,043.50","57,655.40",0.08K,-1.95%
03/17/2021,"58,800.00","56,877.00","58,800.00","54,917.10",0.10K,3.38%
03/16/2021,"56,877.00","55,664.70","56,877.00","54,350.00",0.08K,2.18%
03/15/2021,"55,664.70","59,023.90","60,103.30","55,664.70",0.10K,-5.71%
03/14/2021,"59,034.70","61,176.00","61,204.30","59,034.70",0.07K,-3.50%
03/13/2021,"61,176.00","57,338.50","61,176.00","56,526.20",0.08K,6.69%
03-12-2021,"57,338.50","57,679.30","57,679.30","55,913.70",0.10K,-0.59%
03-11-2021,"57,679.30","55,840.70","57,718.00","54,546.60",0.11K,3.29%
03-10-2021,"55,840.70","54,872.40","56,878.00","53,438.80",0.17K,1.76%
03-09-2021,"54,872.40","52,302.70","54,872.40","52,198.50",0.18K,4.97%
03-08-2021,"52,273.20","50,976.50","52,273.20","49,555.10",0.06K,2.54%
03-07-2021,"50,976.50","48,924.60","51,150.00","48,924.60",0.06K,4.19%
03-06-2021,"48,924.60","48,700.00","48,924.60","47,500.00",0.04K,0.46%
03-05-2021,"48,700.00","48,380.90","48,931.80","46,500.00",0.07K,0.66%
03-04-2021,"48,380.90","50,363.20","51,526.90","48,127.50",0.12K,-3.94%
03-03-2021,"50,363.20","48,414.10","52,272.90","48,122.90",0.09K,4.03%
03-02-2021,"48,414.10","49,583.20","49,583.20","47,367.90",0.08K,-2.36%
03-01-2021,"49,583.20","45,149.40","49,583.20","45,149.40",0.09K,9.82%
02/28/2021,"45,149.40","46,141.90","46,271.80","43,392.00",0.11K,-2.15%
02/27/2021,"46,141.90","46,354.00","47,685.80","46,141.90",0.08K,-0.46%
02/26/2021,"46,354.00","47,070.80","47,900.00","46,075.00",0.18K,-1.52%
02/25/2021,"47,070.80","49,613.70","50,993.80","47,070.80",0.14K,-5.13%
02/24/2021,"49,613.70","48,909.30","50,753.00","48,000.60",0.13K,1.44%
02/23/2021,"48,909.30","54,058.40","54,058.40","47,452.80",0.33K,-9.53%
02/22/2021,"54,058.40","57,381.70","57,381.70","51,923.90",0.28K,-5.79%
02/21/2021,"57,381.70","55,868.80","57,672.90","55,868.80",0.13K,2.69%
02/20/2021,"55,879.30","55,875.40","57,121.10","55,512.30",0.17K,0.01%
02/19/2021,"55,875.40","51,581.00","55,875.40","51,309.20",0.17K,8.33%
02/18/2021,"51,581.00","52,058.40","52,204.10","51,511.70",0.11K,-0.92%
02/17/2021,"52,058.40","49,919.90","52,307.50","49,919.90",0.15K,6.89%
02/16/2021,"48,701.80","47,915.60","49,600.00","47,915.60",0.14K,1.64%
02/15/2021,"47,915.60","48,631.00","48,631.00","46,875.80",0.12K,-1.47%
02/14/2021,"48,631.10","47,149.60","49,167.30","47,149.60",0.16K,3.14%
02/13/2021,"47,149.60","47,335.10","47,726.00","46,726.00",0.12K,-0.39%
02-12-2021,"47,335.10","47,942.70","48,395.30","47,016.60",0.23K,-1.27%
02-11-2021,"47,942.70","44,824.70","47,966.60","44,379.80",0.18K,6.96%
02-10-2021,"44,824.70","46,518.40","46,778.40","44,717.10",0.17K,-3.64%
02-09-2021,"46,518.40","46,317.60","47,779.70","45,917.30",0.20K,0.43%
02-08-2021,"46,317.60","38,790.40","46,317.60","38,181.50",0.28K,19.38%
02-07-2021,"38,800.00","39,233.00","39,347.90","38,059.50",0.14K,-1.10%
02-06-2021,"39,233.00","38,267.50","40,511.10","38,267.50",0.18K,2.52%
02-05-2021,"38,267.50","36,945.60","38,267.50","36,775.70",0.11K,3.58%
02-04-2021,"36,946.20","37,597.40","37,984.10","36,727.10",0.16K,-1.73%
02-03-2021,"37,597.40","35,480.70","37,597.40","35,480.70",0.15K,5.97%
02-02-2021,"35,480.70","33,568.80","35,712.80","33,568.80",0.17K,5.70%
02-01-2021,"33,568.80","33,115.10","34,134.20","32,601.80",0.16K,1.37%
01/31/2021,"33,115.10","34,230.10","34,230.10","32,606.50",0.15K,-3.26%
01/30/2021,"34,230.10","34,255.50","34,347.50","33,444.60",0.15K,0.01%
01/29/2021,"34,228.10","33,354.40","37,800.00","32,576.70",0.53K,2.62%
01/28/2021,"33,354.40","30,350.00","33,354.40","30,350.00",0.16K,9.90%
01/27/2021,"30,350.00","32,511.90","32,511.90","29,717.30",0.15K,-6.65%
01/26/2021,"32,511.90","32,271.30","32,534.60","31,355.40",0.14K,0.75%
01/25/2021,"32,271.30","32,238.80","34,644.60","32,238.80",0.21K,0.10%
01/24/2021,"32,238.80","32,072.80","32,832.70","31,661.40",0.11K,0.52%
01/23/2021,"32,072.80","32,941.80","32,941.80","31,856.10",0.12K,-2.70%
01/22/2021,"32,961.30","30,822.30","33,627.60","30,351.70",0.30K,6.94%
01/21/2021,"30,822.30","35,463.30","35,463.30","30,822.30",0.31K,-13.09%
01/20/2021,"35,463.30","35,921.80","35,921.80","34,417.40",0.16K,-1.27%
01/19/2021,"35,918.20","36,630.60","37,600.90","35,918.20",0.24K,-1.94%
01/18/2021,"36,630.60","35,810.20","36,845.10","35,080.80",0.16K,2.25%
01/17/2021,"35,825.30","36,014.40","36,629.30","34,640.80",0.15K,-0.52%
01/16/2021,"36,014.40","36,763.30","37,882.50","36,014.40",0.18K,-2.04%
01/15/2021,"36,763.30","39,178.40","39,211.80","35,889.80",0.24K,-6.16%
01/14/2021,"39,178.40","37,356.10","39,705.00","37,356.10",0.22K,4.88%
01/13/2021,"37,356.10","34,068.90","37,356.10","32,476.40",0.27K,9.65%
01-12-2021,"34,068.90","35,367.30","36,062.90","33,618.20",0.32K,-3.67%
01-11-2021,"35,367.30","38,173.80","38,173.80","30,651.60",0.66K,-7.37%
01-10-2021,"38,181.50","40,093.50","40,968.00","38,181.50",0.34K,-4.77%
01-09-2021,"40,093.50","40,573.40","41,125.00","39,449.10",0.15K,-1.18%
01-08-2021,"40,573.40","39,429.50","41,226.20","37,951.60",0.31K,2.90%
01-07-2021,"39,429.50","36,716.50","39,429.50","36,716.50",0.28K,7.39%
01-06-2021,"36,716.50","33,942.10","36,716.50","33,808.00",0.29K,8.17%
01-05-2021,"33,942.10","32,000.00","33,942.10","30,940.80",0.25K,6.14%
01-04-2021,"31,977.30","33,015.30","33,225.90","30,246.40",0.35K,-3.14%
01-03-2021,"33,015.30","32,196.70","34,270.20","32,196.70",0.29K,2.54%
01-02-2021,"32,196.70","29,315.90","32,900.00","29,148.00",0.29K,9.83%
01-01-2021,"29,315.90","28,959.10","29,328.20","28,959.10",0.08K,1.23%
12/31/2020,"28,959.10","28,856.90","29,129.60","28,400.00",0.12K,0.35%
12/30/2020,"28,856.90","27,390.00","28,856.90","27,390.00",0.14K,5.36%
12/29/2020,"27,390.00","27,081.90","27,390.00","26,173.30",0.10K,1.14%
12/28/2020,"27,081.90","26,272.10","27,365.50","26,272.10",0.11K,3.08%
12/27/2020,"26,272.10","26,484.90","28,177.50","26,168.60",0.23K,-0.76%
12/26/2020,"26,472.50","24,718.20","26,472.50","24,610.70",0.31K,7.10%
12/25/2020,"24,718.20","23,729.40","24,718.20","23,545.60",0.16K,4.17%
12/24/2020,"23,729.40","23,228.10","23,729.40","22,912.00",0.07K,2.16%
12/23/2020,"23,228.10","23,830.00","23,830.00","23,228.10",0.16K,-2.53%
12/22/2020,"23,830.00","22,750.40","23,830.00","22,626.80",0.11K,4.75%
12/21/2020,"22,750.40","23,501.70","23,980.80","22,637.50",0.17K,-3.20%
12/20/2020,"23,501.70","23,835.40","23,835.40","23,428.60",0.13K,-1.40%
12/19/2020,"23,835.40","23,098.30","23,886.00","22,890.70",0.13K,3.19%
12/18/2020,"23,098.30","22,792.00","23,233.50","22,450.00",0.16K,1.25%
12/17/2020,"22,812.20","21,340.10","23,529.50","21,340.10",0.49K,6.90%
12/16/2020,"21,340.10","19,421.40","21,340.10","19,348.00",0.28K,9.88%
12/15/2020,"19,421.40","19,272.80","19,495.60","19,135.40",0.14K,0.77%
12/14/2020,"19,272.80","19,165.30","19,272.80","19,073.80",0.07K,0.56%
12/13/2020,"19,165.30","18,786.80","19,336.80","18,750.30",0.12K,2.01%
12-12-2020,"18,786.80","18,028.20","18,823.00","18,028.20",0.10K,4.21%
12-11-2020,"18,028.20","18,240.30","18,240.30","17,784.30",0.08K,-1.19%
12-10-2020,"18,245.10","18,543.80","18,543.80","18,164.80",0.07K,-1.61%
12-09-2020,"18,543.80","18,328.60","18,543.80","17,975.30",0.12K,1.17%
12-08-2020,"18,328.60","19,172.70","19,209.20","18,328.60",0.14K,-4.40%
12-07-2020,"19,172.70","19,359.40","19,359.40","19,017.30",0.08K,-0.96%
12-06-2020,"19,359.40","19,140.60","19,359.40","19,055.00",0.07K,1.14%
12-05-2020,"19,140.60","18,653.20","19,140.60","18,606.90",0.06K,2.61%
12-04-2020,"18,653.20","19,418.30","19,418.30","18,653.20",0.13K,-3.94%
12-03-2020,"19,418.30","19,201.40","19,422.20","18,961.20",0.12K,1.06%
12-02-2020,"19,214.40","18,782.10","19,214.40","18,509.90",0.16K,2.30%
12-01-2020,"18,782.10","19,667.30","19,667.30","18,782.10",0.33K,-4.50%
11/30/2020,"19,667.30","18,182.30","19,667.30","18,182.30",0.26K,8.17%
11/29/2020,"18,182.30","17,718.80","18,192.70","17,608.80",0.12K,2.60%
11/28/2020,"17,720.80","17,135.00","17,801.70","16,900.80",0.12K,3.42%
11/27/2020,"17,135.00","17,166.80","17,366.10","16,645.30",0.15K,-0.19%
11/26/2020,"17,166.80","18,718.80","18,718.80","16,549.60",0.35K,-8.29%
11/25/2020,"18,718.80","19,153.10","19,220.20","18,718.80",0.19K,-2.27%
11/24/2020,"19,153.10","18,380.60","19,381.20","18,221.00",0.26K,4.20%
11/23/2020,"18,380.60","18,435.40","18,700.70","18,266.70",0.14K,-0.30%
11/22/2020,"18,435.40","18,699.90","18,699.90","18,083.40",0.17K,-1.41%
11/21/2020,"18,699.90","18,662.50","18,771.60","18,517.70",0.18K,0.20%
11/20/2020,"18,662.50","17,811.60","18,721.30","17,811.60",0.18K,4.78%
11/19/2020,"17,811.60","17,775.60","18,001.60","17,479.10",0.14K,0.22%
11/18/2020,"17,772.50","17,662.40","18,158.60","17,662.40",0.26K,0.62%
11/17/2020,"17,662.40","16,705.60","17,662.40","16,657.00",0.23K,5.73%
11/16/2020,"16,705.60","15,951.60","16,770.00","15,951.60",0.24K,4.73%
11/15/2020,"15,951.60","16,070.70","16,075.80","15,866.80",0.04K,-0.74%
11/14/2020,"16,070.70","16,328.40","16,328.40","15,843.20",0.12K,-1.58%
11/13/2020,"16,328.40","16,287.60","16,432.10","16,160.00",0.13K,0.25%
11-12-2020,"16,287.60","15,690.30","16,287.60","15,615.40",0.22K,3.81%
11-11-2020,"15,690.30","15,295.90","15,838.90","15,295.90",0.22K,2.58%
11-10-2020,"15,295.90","15,314.30","15,364.70","15,243.30",0.12K,-0.12%
11-09-2020,"15,314.30","15,473.00","15,612.40","14,926.00",0.21K,-1.03%
11-08-2020,"15,473.00","14,805.00","15,520.00","14,805.00",0.19K,4.43%
11-07-2020,"14,816.50","15,571.30","15,632.30","14,800.00",0.20K,-4.85%
11-06-2020,"15,571.30","15,586.00","15,871.30","15,411.00",0.27K,-0.09%
11-05-2020,"15,586.00","14,141.20","15,586.00","14,141.20",0.31K,10.22%
11-04-2020,"14,141.20","14,013.40","14,141.50","13,662.40",0.16K,0.91%
11-03-2020,"14,013.40","13,559.50","14,013.40","13,333.80",0.12K,3.35%
11-02-2020,"13,559.50","13,753.70","13,762.90","13,406.70",0.14K,-1.41%
11-01-2020,"13,753.70","13,794.50","13,840.00","13,693.30",0.08K,-0.30%
10/31/2020,"13,794.70","13,550.40","13,956.50","13,503.50",0.13K,1.80%
10/30/2020,"13,550.40","13,452.10","13,585.20","13,231.00",0.11K,0.73%
10/29/2020,"13,452.10","13,271.90","13,523.40","13,134.20",0.06K,1.36%
10/28/2020,"13,271.90","13,648.50","13,748.30","13,190.90",0.14K,-2.76%
10/27/2020,"13,648.50","13,050.00","13,671.10","13,050.00",0.16K,4.59%
10/26/2020,"13,050.00","13,024.50","13,130.60","12,936.80",0.10K,0.20%
10/25/2020,"13,024.50","13,115.20","13,270.00","12,937.80",0.08K,-0.69%
10/24/2020,"13,115.20","12,921.00","13,119.60","12,913.50",0.08K,1.50%
10/23/2020,"12,921.00","12,968.60","12,991.80","12,861.50",0.09K,-0.37%
10/22/2020,"12,968.60","12,796.70","13,133.70","12,758.20",0.15K,1.34%
10/21/2020,"12,796.70","11,910.30","12,900.00","11,910.30",0.30K,7.44%
10/20/2020,"11,910.30","11,743.70","11,970.00","11,716.80",0.09K,1.42%
10/19/2020,"11,743.70","11,489.70","11,743.70","11,434.00",0.12K,2.21%
10/18/2020,"11,489.70","11,362.80","11,489.70","11,362.80",0.07K,1.12%
10/17/2020,"11,362.80","11,312.90","11,362.80","11,303.60",0.04K,0.44%
10/16/2020,"11,312.90","11,486.10","11,503.10","11,256.10",0.08K,-1.51%
10/15/2020,"11,486.10","11,417.40","11,486.10","11,298.00",0.06K,0.60%
10/14/2020,"11,417.40","11,427.80","11,451.70","11,324.10",0.07K,-0.09%
10/13/2020,"11,427.80","11,535.00","11,535.00","11,375.00",0.06K,-0.94%
10-12-2020,"11,536.40","11,375.70","11,638.30","11,267.70",0.10K,1.41%
10-11-2020,"11,375.70","11,295.40","11,411.00","11,295.40",0.06K,0.71%
10-10-2020,"11,295.40","11,057.70","11,406.60","11,057.70",0.09K,2.15%
10-09-2020,"11,057.70","10,917.70","11,063.50","10,865.80",0.07K,1.31%
10-08-2020,"10,914.40","10,665.00","10,914.40","10,592.50",0.08K,2.34%
10-07-2020,"10,665.00","10,600.40","10,665.00","10,585.30",0.04K,0.61%
10-06-2020,"10,600.40","10,780.00","10,780.00","10,567.50",0.06K,-1.67%
10-05-2020,"10,780.00","10,667.00","10,780.00","10,660.40",0.05K,1.06%
10-04-2020,"10,667.00","10,544.70","10,671.10","10,544.70",0.04K,1.16%
10-03-2020,"10,544.70","10,562.80","10,577.10","10,529.00",0.04K,-0.17%
10-02-2020,"10,562.80","10,619.10","10,619.10","10,431.10",0.07K,-0.53%
10-01-2020,"10,619.10","10,763.10","10,882.10","10,514.80",0.08K,-1.34%
09/30/2020,"10,763.10","10,834.70","10,834.70","10,707.40",0.07K,-0.66%
09/29/2020,"10,834.70","10,695.20","10,834.70","10,684.30",0.07K,1.30%
09/28/2020,"10,695.20","10,767.30","10,914.50","10,695.20",0.08K,-0.67%
09/27/2020,"10,767.30","10,730.80","10,770.90","10,636.40",0.10K,0.34%
09/26/2020,"10,730.80","10,677.80","10,756.90","10,660.20",0.07K,0.50%
09/25/2020,"10,677.80","10,732.40","10,737.00","10,600.00",0.07K,-0.51%
09/24/2020,"10,732.40","10,233.00","10,732.40","10,233.00",0.07K,4.88%
09/23/2020,"10,233.00","10,532.90","10,532.90","10,219.50",0.09K,-2.85%
09/22/2020,"10,532.90","10,423.00","10,532.90","10,415.10",0.07K,1.05%
09/21/2020,"10,423.00","10,922.40","10,963.40","10,392.50",0.12K,-4.57%
09/20/2020,"10,922.40","11,074.40","11,074.40","10,858.50",0.07K,-1.37%
09/19/2020,"11,074.40","10,928.00","11,101.70","10,918.80",0.06K,1.35%
09/18/2020,"10,927.30","10,927.40","11,010.10","10,873.80",0.08K,0.00%
09/17/2020,"10,927.40","10,948.20","10,948.20","10,854.20",0.07K,-0.19%
09/16/2020,"10,948.20","10,782.00","11,032.10","10,683.80",0.09K,1.54%
09/15/2020,"10,782.00","10,667.30","10,878.20","10,667.30",0.07K,1.08%
09/14/2020,"10,667.30","10,308.20","10,691.80","10,302.00",0.07K,3.48%
09/13/2020,"10,308.20","10,433.80","10,547.00","10,274.50",0.05K,-1.20%
09-12-2020,"10,433.80","10,384.50","10,464.90","10,284.50",0.04K,0.47%
09-11-2020,"10,384.50","10,349.30","10,384.50","10,228.30",0.07K,0.34%
09-10-2020,"10,349.30","10,222.50","10,447.20","10,222.50",0.07K,1.24%
09-09-2020,"10,222.50","10,116.00","10,321.90","9,994.70",0.06K,1.05%
09-08-2020,"10,116.00","10,365.70","10,365.70","9,927.60",0.06K,-2.41%
09-07-2020,"10,365.70","10,248.00","10,365.70","9,936.90",0.07K,1.15%
09-06-2020,"10,248.00","10,165.20","10,248.00","10,087.50",0.05K,0.81%
09-05-2020,"10,165.20","10,454.60","10,499.40","10,073.30",0.12K,-2.77%
09-04-2020,"10,454.60","10,267.50","10,543.30","10,264.20",0.11K,1.82%
09-03-2020,"10,267.50","11,391.90","11,391.90","10,267.50",0.15K,-9.87%
09-02-2020,"11,391.90","11,927.30","11,927.30","11,300.20",0.10K,-4.49%
09-01-2020,"11,927.30","11,656.40","12,002.30","11,608.90",0.09K,2.32%
08/31/2020,"11,656.40","11,707.40","11,728.50","11,616.90",0.04K,-0.44%
08/30/2020,"11,707.40","11,478.70","11,707.40","11,478.70",0.02K,1.99%
08/29/2020,"11,478.70","11,522.60","11,543.90","11,465.00",0.02K,-0.38%
08/28/2020,"11,522.60","11,319.00","11,523.00","11,290.50",0.04K,1.80%
08/27/2020,"11,319.00","11,458.30","11,458.30","11,220.00",0.06K,-1.22%
08/26/2020,"11,458.30","11,337.30","11,494.90","11,284.40",0.05K,1.07%
08/25/2020,"11,337.30","11,753.50","11,756.00","11,229.20",0.08K,-3.58%
08/24/2020,"11,757.90","11,649.10","11,791.80","11,649.10",0.04K,0.93%
08/23/2020,"11,649.10","11,675.10","11,689.80","11,572.20",0.03K,-0.22%
08/22/2020,"11,675.10","11,514.50","11,675.10","11,430.80",0.04K,1.39%
08/21/2020,"11,514.50","11,859.20","11,859.20","11,514.50",0.04K,-2.91%
08/20/2020,"11,859.20","11,742.00","11,866.20","11,727.10",0.03K,1.00%
08/19/2020,"11,742.00","11,960.20","11,977.00","11,694.00",0.08K,-1.82%
08/18/2020,"11,960.20","12,271.70","12,323.30","11,897.40",0.06K,-2.54%
08/17/2020,"12,271.70","11,910.00","12,375.50","11,801.50",0.10K,3.04%
08/16/2020,"11,910.00","11,866.30","11,910.00","11,776.50",0.06K,0.37%
08/15/2020,"11,866.30","11,739.00","11,938.20","11,739.00",0.08K,1.08%
08/14/2020,"11,739.00","11,754.00","11,791.90","11,673.00",0.06K,-0.13%
08/13/2020,"11,754.00","11,562.40","11,754.00","11,397.60",0.07K,1.66%
08-12-2020,"11,562.40","11,396.20","11,573.90","11,291.00",0.07K,1.46%
08-11-2020,"11,396.20","11,874.20","11,912.40","11,205.70",0.09K,-4.03%
08-10-2020,"11,874.20","11,681.50","11,977.00","11,681.50",0.12K,1.65%
08-09-2020,"11,681.50","11,749.30","11,749.30","11,595.90",0.07K,-0.67%
08-08-2020,"11,760.00","11,590.80","11,771.80","11,547.50",0.06K,1.46%
08-07-2020,"11,590.80","11,750.50","11,870.40","11,477.90",0.08K,-1.36%
08-06-2020,"11,750.50","11,734.00","11,861.30","11,628.40",0.11K,0.14%
08-05-2020,"11,734.00","11,188.50","11,734.00","11,188.50",0.17K,4.88%
08-04-2020,"11,188.50","11,217.20","11,353.00","11,140.00",0.09K,-0.26%
08-03-2020,"11,217.20","11,072.00","11,375.00","11,072.00",0.13K,1.31%
08-02-2020,"11,072.00","11,793.80","11,954.80","11,072.00",0.14K,-6.12%
08-01-2020,"11,793.80","11,329.90","11,793.80","11,328.20",0.11K,4.09%
07/31/2020,"11,329.90","11,095.20","11,345.10","11,015.00",0.10K,2.12%
07/30/2020,"11,095.20","11,102.00","11,144.50","10,947.90",0.09K,-0.06%
07/29/2020,"11,102.00","10,903.00","11,318.30","10,903.00",0.12K,1.83%
07/28/2020,"10,903.00","11,018.60","11,188.30","10,868.50",0.11K,-1.05%
07/27/2020,"11,018.60","9,930.90","11,196.70","9,930.90",0.22K,10.95%
07/26/2020,"9,930.90","9,699.40","9,939.50","9,691.20",0.11K,2.39%
07/25/2020,"9,699.40","9,534.70","9,699.40","9,534.70",0.07K,1.73%
07/24/2020,"9,534.70","9,604.00","9,604.00","9,509.10",0.08K,-0.72%
07/23/2020,"9,604.00","9,524.10","9,604.00","9,489.50",0.09K,0.84%
07/22/2020,"9,524.10","9,379.20","9,524.10","9,312.70",0.10K,1.55%
07/21/2020,"9,379.20","9,159.60","9,379.20","9,159.60",0.11K,2.40%
07/20/2020,"9,159.60","9,213.20","9,215.30","9,154.90",0.06K,-0.58%
07/19/2020,"9,213.20","9,166.00","9,213.20","9,120.00",0.05K,0.52%
07/18/2020,"9,166.00","9,152.80","9,172.90","9,126.00",0.05K,0.14%
07/17/2020,"9,152.80","9,137.00","9,162.00","9,119.80",0.06K,0.17%
07/16/2020,"9,137.00","9,191.00","9,213.00","9,076.30",0.09K,-0.59%
07/15/2020,"9,191.00","9,248.90","9,248.90","9,191.00",0.08K,-0.63%
07/14/2020,"9,248.90","9,238.60","9,265.90","9,181.00",0.07K,0.11%
07/13/2020,"9,238.60","9,296.70","9,318.10","9,238.60",0.07K,-0.63%
07-12-2020,"9,296.70","9,230.30","9,296.70","9,180.30",0.06K,0.72%
07-11-2020,"9,230.30","9,293.60","9,293.60","9,183.20",0.06K,-0.68%
07-10-2020,"9,293.60","9,236.60","9,293.60","9,160.60",0.07K,0.62%
07-09-2020,"9,236.60","9,437.90","9,437.90","9,222.80",0.09K,-2.13%
07-08-2020,"9,437.90","9,247.40","9,439.40","9,247.40",0.11K,2.06%
07-07-2020,"9,247.40","9,339.90","9,339.90","9,238.70",0.08K,-0.99%
07-06-2020,"9,339.90","9,084.40","9,339.90","9,070.00",0.09K,2.81%
07-05-2020,"9,084.40","9,127.20","9,143.10","9,003.00",0.05K,-0.47%
07-04-2020,"9,127.20","9,061.20","9,179.00","9,048.90",0.05K,0.73%
07-03-2020,"9,061.20","9,089.50","9,123.60","9,043.30",0.03K,-0.31%
07-02-2020,"9,089.50","9,221.80","9,257.50","8,960.00",0.04K,-1.43%
07-01-2020,"9,221.80","9,136.80","9,285.00","9,092.90",0.04K,0.93%
06/30/2020,"9,136.80","9,183.20","9,196.40","9,090.00",0.03K,-0.50%
06/29/2020,"9,183.20","9,126.70","9,235.30","9,017.90",0.04K,0.62%
06/28/2020,"9,126.70","9,011.30","9,184.00","8,950.00",0.04K,1.28%
06/27/2020,"9,011.30","9,156.30","9,195.00","8,900.00",0.03K,-1.58%
06/26/2020,"9,156.30","9,252.50","9,295.60","9,057.20",0.04K,-1.04%
06/25/2020,"9,252.50","9,299.00","9,330.00","9,050.00",0.06K,-0.50%
06/24/2020,"9,299.00","9,616.90","9,675.10","9,233.10",0.07K,-3.31%
06/23/2020,"9,616.90","9,687.40","9,718.70","9,566.00",0.04K,-0.73%
06/22/2020,"9,687.40","9,296.00","9,732.00","9,287.80",0.08K,4.21%
06/21/2020,"9,296.00","9,358.00","9,400.50","9,288.00",0.03K,-0.66%
06/20/2020,"9,358.00","9,310.00","9,381.40","9,220.00",0.03K,0.52%
06/19/2020,"9,310.00","9,397.80","9,453.20","9,260.00",0.05K,-0.93%
06/18/2020,"9,397.80","9,452.30","9,505.20","9,300.00",0.05K,-0.58%
06/17/2020,"9,452.30","9,513.70","9,547.40","9,230.00",0.05K,-0.64%
06/16/2020,"9,513.70","9,422.00","9,570.00","9,379.20",0.06K,0.97%
06/15/2020,"9,422.00","9,344.60","9,486.10","8,933.50",0.09K,0.83%
06/14/2020,"9,344.60","9,466.20","9,466.20","9,275.90",0.03K,-1.28%
06/13/2020,"9,466.20","9,460.60","9,490.00","9,373.40",0.02K,0.06%
06-12-2020,"9,460.60","9,277.30","9,541.00","9,251.80",0.05K,1.98%
06-11-2020,"9,277.30","9,882.30","9,950.00","9,150.00",0.11K,-6.12%
06-10-2020,"9,882.30","9,763.90","9,964.80","9,696.10",0.07K,1.21%
06-09-2020,"9,763.90","9,787.30","9,858.90","9,600.40",0.08K,-0.24%
06-08-2020,"9,787.30","9,734.90","9,797.00","9,642.60",0.06K,0.54%
06-07-2020,"9,734.90","9,669.70","9,786.00","9,404.00",0.10K,0.67%
06-06-2020,"9,669.70","9,638.90","9,728.00","9,552.50",0.08K,0.32%
06-05-2020,"9,638.90","9,794.20","9,840.40","9,621.30",0.09K,-1.59%
06-04-2020,"9,794.20","9,654.10","9,862.70","9,469.30",0.11K,1.45%
06-03-2020,"9,654.10","9,521.30","9,664.30","9,401.10",0.08K,1.41%
06-02-2020,"9,520.30","10,138.70","10,191.30","9,300.00",0.18K,-6.10%
06-01-2020,"10,138.70","9,457.40","10,155.40","9,435.20",0.14K,7.20%
05/31/2020,"9,457.40","9,691.90","9,692.00","9,405.00",0.12K,-2.42%
05/30/2020,"9,691.90","9,424.90","9,722.20","9,348.00",0.15K,2.83%
05/29/2020,"9,424.90","9,566.00","9,594.00","9,300.70",0.12K,-1.47%
05/28/2020,"9,566.00","9,193.60","9,611.00","9,122.20",0.17K,4.05%
05/27/2020,"9,193.60","8,843.60","9,214.90","8,822.00",0.15K,3.96%
05/26/2020,"8,843.60","8,906.10","8,999.00","8,716.30",0.12K,-0.70%
05/25/2020,"8,906.10","8,732.80","8,966.30","8,665.40",0.12K,1.98%
05/24/2020,"8,733.40","9,179.80","9,292.00","8,717.80",0.15K,-4.86%
05/23/2020,"9,179.80","9,158.90","9,300.00","9,100.00",0.10K,0.23%
05/22/2020,"9,158.90","9,055.10","9,247.90","8,952.00",0.13K,1.15%
05/21/2020,"9,055.10","9,514.50","9,561.00","8,823.10",0.15K,-4.83%
05/20/2020,"9,514.50","9,777.10","9,821.80","9,350.20",0.13K,-2.69%
05/19/2020,"9,777.10","9,732.80","9,880.40","9,500.00",0.11K,0.46%
05/18/2020,"9,732.80","9,669.90","9,933.10","9,493.00",0.09K,0.65%
05/17/2020,"9,669.90","9,386.70","9,869.00","9,341.90",0.09K,3.02%
05/16/2020,"9,386.70","9,303.00","9,582.60","9,213.90",0.06K,0.90%
05/15/2020,"9,303.00","9,784.10","9,829.80","9,166.70",0.11K,-4.92%
05/14/2020,"9,784.10","9,303.40","9,917.90","9,242.10",0.12K,5.17%
05/13/2020,"9,303.40","8,804.00","9,400.60","8,798.40",0.09K,5.67%
05-12-2020,"8,804.00","8,572.10","8,962.70","8,549.90",0.07K,2.70%
05-11-2020,"8,572.60","8,743.20","9,150.00","8,217.00",0.11K,-1.95%
05-10-2020,"8,743.20","9,549.20","9,569.30","8,100.00",0.15K,-8.44%
05-09-2020,"9,549.20","9,812.00","9,899.00","9,532.20",0.07K,-2.71%
05-08-2020,"9,815.40","9,971.30","10,020.00","9,729.20",0.08K,-1.56%
05-07-2020,"9,971.30","9,145.60","10,064.30","9,047.50",0.14K,9.03%
05-06-2020,"9,145.60","9,024.00","9,380.00","8,918.00",0.11K,1.35%
05-05-2020,"9,024.00","8,867.80","9,100.00","8,749.60",0.07K,1.76%
05-04-2020,"8,867.80","8,896.40","8,946.80","8,522.40",0.06K,-0.32%
05-03-2020,"8,896.40","8,971.20","9,175.00","8,723.30",0.07K,-0.83%
05-02-2020,"8,971.20","8,809.90","8,997.00","8,765.00",0.05K,1.83%
05-01-2020,"8,809.90","8,624.80","9,046.20","8,624.80",0.06K,2.04%
04/30/2020,"8,633.60","8,746.90","9,455.40","8,415.30",0.09K,-1.29%
04/29/2020,"8,746.90","7,745.30","8,932.80","7,720.60",0.08K,12.93%
04/28/2020,"7,745.30","7,772.50","7,772.90","7,669.20",0.04K,-0.35%
04/27/2020,"7,772.50","7,685.00","7,773.80","7,619.60",0.04K,1.14%
04/26/2020,"7,685.00","7,533.30","7,691.00","7,500.00",0.04K,2.01%
04/25/2020,"7,533.30","7,493.40","7,697.00","7,449.00",0.04K,0.53%
04/24/2020,"7,493.40","7,471.30","7,596.00","7,362.00",0.08K,0.30%
04/23/2020,"7,471.30","7,113.70","7,596.00","7,026.40",0.13K,5.03%
04/22/2020,"7,113.70","6,836.30","7,143.70","6,820.70",0.04K,4.06%
04/21/2020,"6,836.30","6,818.60","6,928.80","6,772.80",0.04K,0.26%
04/20/2020,"6,818.60","7,110.10","7,204.70","6,770.70",0.05K,-4.10%
04/19/2020,"7,110.10","7,236.10","7,268.30","7,054.80",0.05K,-1.74%
04/18/2020,"7,236.10","7,033.90","7,275.10","7,030.00",0.05K,2.87%
04/17/2020,"7,033.90","7,091.50","7,150.00","7,011.10",0.05K,-0.81%
04/16/2020,"7,091.50","6,629.40","7,174.70","6,500.00",0.04K,6.97%
04/15/2020,"6,629.40","6,854.40","6,931.50","6,614.90",0.04K,-3.28%
04/14/2020,"6,854.40","6,855.30","6,967.70","6,775.60",0.03K,-0.01%
04/13/2020,"6,855.30","6,900.00","6,900.00","6,604.10",0.04K,-0.98%
04-12-2020,"6,922.80","6,850.00","7,161.00","6,792.60",0.03K,1.06%
04-11-2020,"6,850.00","6,823.80","6,933.00","6,750.00",0.02K,0.38%
04-10-2020,"6,823.80","7,282.30","7,289.00","6,757.50",0.03K,-6.30%
04-09-2020,"7,282.30","7,349.40","7,369.80","7,133.70",0.03K,-0.91%
04-08-2020,"7,349.40","7,210.80","7,406.40","7,152.30",0.04K,1.92%
04-07-2020,"7,210.80","7,331.60","7,450.00","7,121.70",0.06K,-1.65%
04-06-2020,"7,331.60","6,781.20","7,340.30","6,774.40",0.11K,8.12%
04-05-2020,"6,781.20","6,856.10","6,879.10","6,686.30",0.04K,-1.09%
04-04-2020,"6,856.10","6,751.80","6,972.60","6,661.60",0.04K,1.54%
04-03-2020,"6,751.80","6,793.30","7,038.50","6,624.90",0.06K,-0.76%
04-02-2020,"6,803.70","6,655.50","6,877.60","6,560.00",0.04K,2.23%
04-01-2020,"6,655.50","6,428.40","6,663.60","6,159.20",0.05K,3.53%
03/31/2020,"6,428.40","6,398.60","6,507.60","6,338.70",0.04K,0.47%
03/30/2020,"6,398.60","5,899.90","6,585.50","5,873.30",0.05K,8.45%
03/29/2020,"5,899.90","6,238.80","6,274.70","5,883.60",0.04K,-5.43%
03/28/2020,"6,238.80","6,380.00","6,380.00","6,055.50",0.04K,-2.21%
03/27/2020,"6,380.00","6,727.00","6,850.00","6,302.50",0.06K,-5.16%
03/26/2020,"6,727.00","6,691.70","6,770.00","6,528.10",0.05K,0.53%
03/25/2020,"6,691.70","6,768.40","6,943.40","6,450.00",0.06K,-1.13%
03/24/2020,"6,768.40","6,472.90","6,826.80","6,390.50",0.05K,4.57%
03/23/2020,"6,472.90","5,886.70","6,584.40","5,712.50",0.05K,9.96%
03/22/2020,"5,886.70","6,177.30","6,394.30","5,800.00",0.06K,-4.70%
03/21/2020,"6,177.30","6,223.90","10,155.40","5,890.30",0.07K,-0.75%
03/20/2020,"6,223.90","6,159.90","6,971.80","5,706.80",0.07K,1.04%
03/19/2020,"6,159.90","5,388.20","6,391.10","5,267.60",0.06K,14.32%
03/18/2020,"5,388.20","5,352.50","5,442.30","5,016.10",0.05K,0.67%
03/17/2020,"5,352.50","5,025.50","5,571.30","4,944.60",0.06K,6.51%
03/16/2020,"5,025.50","5,388.20","5,418.50","4,456.20",0.08K,-6.73%
03/15/2020,"5,388.20","5,164.80","5,921.50","5,103.80",0.07K,2.64%
03/14/2020,"5,249.60","5,593.70","5,625.70","5,060.30",0.06K,-6.15%
03/13/2020,"5,593.70","4,931.70","5,938.80","3,772.40",0.26K,13.42%
03-12-2020,"4,931.70","7,940.90","7,960.80","4,454.50",0.28K,-37.89%
03-11-2020,"7,940.90","7,887.20","7,966.00","7,584.60",0.05K,0.68%
03-10-2020,"7,887.20","7,899.40","8,157.00","7,687.30",0.06K,-0.15%
03-09-2020,"7,899.40","8,020.50","8,268.90","7,600.00",0.04K,-1.51%
03-08-2020,"8,020.50","8,890.30","8,890.30","8,002.90",0.04K,-9.78%
03-07-2020,"8,890.30","9,120.00","9,207.30","8,829.90",0.04K,-2.52%
03-06-2020,"9,120.00","9,048.50","9,160.00","8,940.00",0.04K,0.79%
03-05-2020,"9,048.50","8,758.80","9,152.20","8,747.80",0.04K,3.31%
03-04-2020,"8,758.80","8,715.60","8,837.70","8,600.00",0.04K,0.54%
03-03-2020,"8,711.60","8,894.10","8,935.40","8,660.00",0.04K,-2.05%
03-02-2020,"8,894.10","8,553.10","8,990.80","8,495.80",0.04K,3.99%
03-01-2020,"8,553.10","8,545.00","8,728.60","8,417.00",0.03K,0.10%
02/29/2020,"8,545.00","8,686.40","8,794.40","8,545.00",0.03K,-1.63%
02/28/2020,"8,686.40","8,804.10","8,889.70","8,419.20",0.04K,-1.34%
02/27/2020,"8,804.10","8,788.20","9,014.30","8,531.50",0.04K,0.18%
02/26/2020,"8,788.20","9,328.20","9,378.50","8,623.10",0.06K,-5.79%
02/25/2020,"9,328.20","9,658.40","9,665.60","9,250.50",0.04K,-3.42%
02/24/2020,"9,658.40","9,945.90","9,977.20","9,484.00",0.04K,-2.89%
02/23/2020,"9,945.90","9,657.20","9,994.00","9,639.00",0.04K,2.99%
02/22/2020,"9,657.20","9,670.20","9,707.00","9,552.60",0.04K,-0.14%
02/21/2020,"9,670.50","9,603.20","9,762.50","9,562.20",0.04K,0.70%
02/20/2020,"9,603.20","9,595.30","9,679.20","9,415.60",0.04K,0.08%
02/19/2020,"9,595.30","10,157.20","10,245.80","9,352.40",0.05K,-5.53%
02/18/2020,"10,157.20","9,694.80","10,232.70","9,595.30",0.04K,4.77%
02/17/2020,"9,694.80","9,930.50","9,948.30","9,450.00",0.04K,-2.37%
02/16/2020,"9,930.50","9,914.50","10,046.70","9,651.00",0.04K,0.16%
02/15/2020,"9,914.50","10,349.00","10,357.50","9,815.00",0.04K,-4.20%
02/14/2020,"10,349.50","10,218.90","10,395.00","10,082.00",0.04K,1.28%
02/13/2020,"10,218.90","10,320.20","10,483.80","10,098.00",0.05K,-0.98%
02-12-2020,"10,320.20","10,217.50","10,400.00","10,043.60",0.05K,1.01%
02-11-2020,"10,217.50","9,845.00","10,300.00","9,720.00",0.05K,3.78%
02-10-2020,"9,845.00","10,144.70","10,186.00","9,701.40",0.04K,-2.95%
02-09-2020,"10,144.70","9,896.60","10,150.00","9,807.70",0.05K,2.51%
02-08-2020,"9,896.60","9,811.60","9,936.30","9,651.40",0.04K,0.87%
02-07-2020,"9,811.60","9,759.50","9,900.00","9,616.30",0.06K,0.53%
02-06-2020,"9,759.50","9,598.70","9,843.10","9,500.50",0.04K,1.68%
02-05-2020,"9,598.70","9,203.80","9,740.30","9,172.00",0.04K,4.29%
02-04-2020,"9,203.80","9,288.60","9,343.00","9,067.00",0.04K,-0.91%
02-03-2020,"9,288.60","9,343.90","9,591.20","9,245.60",0.05K,-0.59%
02-02-2020,"9,343.90","9,399.40","9,475.40","9,191.60",0.04K,-0.59%
02-01-2020,"9,399.40","9,327.80","9,450.70","9,301.80",0.04K,0.77%
01/31/2020,"9,327.80","9,515.80","9,534.90","9,221.10",0.04K,-1.98%
01/30/2020,"9,515.80","9,283.70","9,582.20","9,200.00",0.05K,2.50%
01/29/2020,"9,283.70","9,387.10","9,425.40","9,201.40",0.05K,-1.10%
01/28/2020,"9,387.10","8,897.40","9,392.70","8,897.40",0.05K,5.50%
01/27/2020,"8,897.40","8,605.00","9,004.00","8,383.90",0.06K,3.40%
01/26/2020,"8,605.00","8,360.80","8,611.30","8,306.70",0.04K,2.92%
01/25/2020,"8,360.80","8,446.50","8,449.10","8,269.10",0.04K,-1.02%
01/24/2020,"8,446.50","8,389.40","8,525.30","8,235.80",0.04K,0.68%
01/23/2020,"8,389.40","8,690.00","8,695.00","8,300.50",0.04K,-3.46%
01/22/2020,"8,690.00","8,722.20","8,816.90","8,608.60",0.04K,-0.37%
01/21/2020,"8,722.20","8,640.10","8,780.00","8,510.70",0.05K,0.95%
01/20/2020,"8,640.10","8,701.20","8,734.00","8,525.60",0.04K,-0.70%
01/19/2020,"8,701.20","8,902.60","9,190.00","8,504.70",0.05K,-2.26%
01/18/2020,"8,902.60","8,912.20","8,970.00","8,793.00",0.04K,-0.11%
01/17/2020,"8,912.20","8,705.60","9,001.60","8,670.00",0.05K,2.11%
01/16/2020,"8,727.90","8,824.90","8,859.00","8,598.50",0.04K,-1.10%
01/15/2020,"8,824.90","8,836.90","8,908.70","8,596.90",0.06K,-0.14%
01/14/2020,"8,836.90","8,116.10","8,859.50","8,112.50",0.06K,8.88%
01/13/2020,"8,116.10","8,176.80","8,184.90","7,991.80",0.04K,-0.74%
01-12-2020,"8,176.80","8,036.50","8,176.80","7,953.80",0.04K,1.75%
01-11-2020,"8,036.50","8,179.20","8,275.90","8,006.10",0.04K,-1.74%
01-10-2020,"8,179.20","7,832.40","8,179.20","7,692.80",0.04K,4.43%
01-09-2020,"7,832.40","8,041.40","8,043.10","7,762.90",0.05K,-2.60%
01-08-2020,"8,041.40","8,185.70","8,475.00","7,878.20",0.07K,-1.76%
01-07-2020,"8,185.70","7,764.60","8,186.90","7,740.80",0.11K,5.42%
01-06-2020,"7,764.60","7,359.40","7,784.30","7,353.20",0.06K,5.51%
01-05-2020,"7,359.40","7,359.90","7,488.00","7,326.20",0.04K,-0.01%
